{"cameraMode":{"drawMode":0,"name":"Shaded","section":"Shading Mode"},"sceneLighting":true,"audioPlay":false,"sceneViewState":{"showFog":true,"showMaterialUpdate":false,"showSkybox":true,"showFlares":true,"showImageEffects":true,"showParticleSystems":true},"in2DMode":false,"pivot":{"x":6.47877311706543,"y":2.4530787467956545,"z":-0.2548672556877136},"rotation":{"x":0.1308842897415161,"y":-0.6712716817855835,"z":0.12215100973844528,"w":0.7192637920379639},"size":12.010217666625977,"orthographic":false}