{"cameraMode":{"drawMode":0,"name":"Shaded","section":"Shading Mode"},"sceneLighting":true,"audioPlay":false,"sceneViewState":{"showFog":true,"showMaterialUpdate":false,"showSkybox":true,"showFlares":true,"showImageEffects":true,"showParticleSystems":true},"in2DMode":false,"pivot":{"x":3.5999410152435304,"y":3.700719118118286,"z":3.252065658569336},"rotation":{"x":-0.07336639612913132,"y":0.9012287855148315,"z":-0.16847950220108033,"w":-0.39245226979255679},"size":15.187309265136719,"orthographic":false}